<metadata xml:lang="en"><Esri><CreaDate>20221013</CreaDate><CreaTime>19511700</CreaTime><ArcGISFormat>1.0</ArcGISFormat><SyncOnce>FALSE</SyncOnce><DataProperties><lineage><Process ToolSource="c:\program files\arcgis\pro\Resources\ArcToolbox\toolboxes\Data Management Tools.tbx\CreateFeatureclass" Date="20220824" Time="141301">CreateFeatureclass \\ponderosa\geostudent\aa_TR_RS\!ZAF\!ZAF_Live_SA\!ZAF_Live_SA.gdb tessPnt4 Polygon # No No "GEOGCS["GCS_WGS_1984",DATUM["D_WGS_1984",SPHEROID["WGS_1984",6378137.0,298.257223563]],PRIMEM["Greenwich",0.0],UNIT["Degree",0.0174532925199433]];-400 -400 1000000000;-100000 10000;-100000 10000;8.98315284119521E-09;0.001;0.001;IsHighPrecision" # 0 0 0 #</Process><Process ToolSource="c:\program files\arcgis\pro\Resources\ArcToolbox\toolboxes\Data Management Tools.tbx\AddField" Date="20220824" Time="141307">AddField \\ponderosa\geostudent\aa_TR_RS\!ZAF\!ZAF_Live_SA\!ZAF_Live_SA.gdb\tessPnt4 GRID_ID Text # # 12 # NULLABLE NON_REQUIRED #</Process><Process ToolSource="c:\program files\arcgis\pro\Resources\ArcToolbox\toolboxes\Data Management Tools.tbx\GenerateTessellation" Date="20220824" Time="141310">GenerateTessellation \\ponderosa\geostudent\aa_TR_RS\!ZAF\!ZAF_Live_SA\!ZAF_Live_SA.gdb\tessPnt4 "28.8735008250001 -31.082630157 32.8911133070001 -26.804430007 GEOGCS["GCS_WGS_1984",DATUM["D_WGS_1984",SPHEROID["WGS_1984",6378137.0,298.257223563]],PRIMEM["Greenwich",0.0],UNIT["Degree",0.0174532925199433]]" Hexagon "0.04 Unknown" "GEOGCS["GCS_WGS_1984",DATUM["D_WGS_1984",SPHEROID["WGS_1984",6378137.0,298.257223563]],PRIMEM["Greenwich",0.0],UNIT["Degree",0.0174532925199433]];-400 -400 1000000000;-100000 10000;-100000 10000;8.98315284119521E-09;0.001;0.001;IsHighPrecision"</Process><Process ToolSource="c:\program files\arcgis\pro\Resources\ArcToolbox\toolboxes\Analysis Tools.tbx\PairwiseClip" Date="20220824" Time="141408">PairwiseClip tessPnt4 tessPnt4 \\ponderosa\geostudent\aa_TR_RS\!ZAF\!ZAF_Live_SA\!ZAF_Live_SA.gdb\tess #</Process><Process ToolSource="c:\program files\arcgis\pro\Resources\ArcToolbox\toolboxes\Conversion Tools.tbx\FeatureClassToFeatureClass" Date="20220824" Time="144336">FeatureClassToFeatureClass tessJoin\tess19 \\ponderosa\geostudent\aa_TR_RS\!ZAF\!ZAF_Live_SA\!ZAF_Live_SA.gdb tess19_LMI # "SOURCE_ID "SOURCE_ID" false false true 4 Long 0 0,First,#,\\ponderosa\geostudent\aa_TR_RS\!ZAF\!ZAF_Live_SA\!ZAF_Live_SA.gdb\tess,tess.OBJECTID,-1,-1;tess_AddSpatialJoin_4_Join_Count "Join_Count" true true false 4 Long 0 0,First,#,\\ponderosa\geostudent\aa_TR_RS\!ZAF\!ZAF_Live_SA\!ZAF_Live_SA.gdb\tess,tess_AddSpatialJoin_4.Join_Count,-1,-1" #</Process><Process ToolSource="c:\program files\arcgis\pro\Resources\ArcToolbox\toolboxes\Spatial Statistics Tools.tbx\ClustersOutliers" Date="20220824" Time="144343">ClustersOutliers tessJoin\tess19 tess_AddSpatialJoin_4.Join_Count \\ponderosa\geostudent\aa_TR_RS\!ZAF\!ZAF_Live_SA\!ZAF_Live_SA.gdb\tess19_LMI INVERSE_DISTANCE_SQUARED Euclidean Row # # NO_FDR 9999 #</Process><Process ToolSource="c:\program files\arcgis\pro\Resources\ArcToolbox\toolboxes\Data Management Tools.tbx\Project" Date="20221013" Time="195121">Project kzn_tess_all \\ponderosa\geostudent\aa_TR_RS\!ZAF\!ZAF_Live_SA\!ZAF_Live_SA.gdb\kzn_tess_allp PROJCS["WGS_1984_World_Mercator",GEOGCS["GCS_WGS_1984",DATUM["D_WGS_1984",SPHEROID["WGS_1984",6378137.0,298.257223563]],PRIMEM["Greenwich",0.0],UNIT["Degree",0.0174532925199433]],PROJECTION["Mercator"],PARAMETER["False_Easting",0.0],PARAMETER["False_Northing",0.0],PARAMETER["Central_Meridian",0.0],PARAMETER["Standard_Parallel_1",0.0],UNIT["Meter",1.0]] # GEOGCS["GCS_WGS_1984",DATUM["D_WGS_1984",SPHEROID["WGS_1984",6378137.0,298.257223563]],PRIMEM["Greenwich",0.0],UNIT["Degree",0.0174532925199433]] NO_PRESERVE_SHAPE # NO_VERTICAL</Process><Process ToolSource="c:\program files\arcgis\pro\Resources\ArcToolbox\toolboxes\Conversion Tools.tbx\ExportFeatures" Date="20221013" Time="195633">ExportFeatures kzn_tess_allp "\\ponderosa\geostudent\aa_TR_RS\shps_for_ R_sppt\tessAll.shp" # NOT_USE_ALIAS "SOURCE_ID "SOURCE_ID" true true false 4 Long 0 0,First,#,kzn_tess_allp,SOURCE_ID,-1,-1;tess_AddSpatialJoin_4_Join_Count "Join_Count" true true false 4 Long 0 0,First,#,kzn_tess_allp,tess_AddSpatialJoin_4_Join_Count,-1,-1;LMiIndex "LMiIndex IDW^2 22002 RS" true true false 8 Double 0 0,First,#,kzn_tess_allp,LMiIndex,-1,-1;LMiZScore "LMiZScore IDW^2 22002 RS" true true false 8 Double 0 0,First,#,kzn_tess_allp,LMiZScore,-1,-1;LMiPValue "LMiPValue IDW^2 22002 RS" true true false 8 Double 0 0,First,#,kzn_tess_allp,LMiPValue,-1,-1;COType "COType IDW^2 22002 RS" true true false 2 Text 0 0,First,#,kzn_tess_allp,COType,0,2;NNeighbors "NNeighbors IDW^2 22002 RS" true true false 4 Long 0 0,First,#,kzn_tess_allp,NNeighbors,-1,-1;ZTransform "ZTransform IDW^2 22002 RS" true true false 8 Double 0 0,First,#,kzn_tess_allp,ZTransform,-1,-1;SpatialLag "SpatialLag IDW^2 22002 RS" true true false 8 Double 0 0,First,#,kzn_tess_allp,SpatialLag,-1,-1;Shape_Length "Shape_Length" false true true 8 Double 0 0,First,#,kzn_tess_allp,Shape_Length,-1,-1;Shape_Area "Shape_Area" false true true 8 Double 0 0,First,#,kzn_tess_allp,Shape_Area,-1,-1" #</Process></lineage><itemProps><itemName Sync="TRUE">tessAll</itemName><imsContentType Sync="TRUE">002</imsContentType><itemLocation><linkage Sync="TRUE">file://\\ponderosa\geostudent\aa_TR_RS\shps_for_ R_sppt\tessAll.shp</linkage><protocol Sync="TRUE">Local Area Network</protocol></itemLocation><itemSize Sync="TRUE">0.000</itemSize></itemProps><coordRef><type Sync="TRUE">Projected</type><geogcsn Sync="TRUE">GCS_WGS_1984</geogcsn><csUnits Sync="TRUE">Linear Unit: Meter (1.000000)</csUnits><peXml Sync="TRUE">&lt;ProjectedCoordinateSystem xsi:type='typens:ProjectedCoordinateSystem' xmlns:xsi='http://www.w3.org/2001/XMLSchema-instance' xmlns:xs='http://www.w3.org/2001/XMLSchema' xmlns:typens='http://www.esri.com/schemas/ArcGIS/3.0.0'&gt;&lt;WKT&gt;PROJCS[&amp;quot;WGS_1984_World_Mercator&amp;quot;,GEOGCS[&amp;quot;GCS_WGS_1984&amp;quot;,DATUM[&amp;quot;D_WGS_1984&amp;quot;,SPHEROID[&amp;quot;WGS_1984&amp;quot;,6378137.0,298.257223563]],PRIMEM[&amp;quot;Greenwich&amp;quot;,0.0],UNIT[&amp;quot;Degree&amp;quot;,0.0174532925199433]],PROJECTION[&amp;quot;Mercator&amp;quot;],PARAMETER[&amp;quot;False_Easting&amp;quot;,0.0],PARAMETER[&amp;quot;False_Northing&amp;quot;,0.0],PARAMETER[&amp;quot;Central_Meridian&amp;quot;,0.0],PARAMETER[&amp;quot;Standard_Parallel_1&amp;quot;,0.0],UNIT[&amp;quot;Meter&amp;quot;,1.0],AUTHORITY[&amp;quot;EPSG&amp;quot;,3395]]&lt;/WKT&gt;&lt;XOrigin&gt;-20037700&lt;/XOrigin&gt;&lt;YOrigin&gt;-30198300&lt;/YOrigin&gt;&lt;XYScale&gt;149134210.44795552&lt;/XYScale&gt;&lt;ZOrigin&gt;-100000&lt;/ZOrigin&gt;&lt;ZScale&gt;10000&lt;/ZScale&gt;&lt;MOrigin&gt;-100000&lt;/MOrigin&gt;&lt;MScale&gt;10000&lt;/MScale&gt;&lt;XYTolerance&gt;0.001&lt;/XYTolerance&gt;&lt;ZTolerance&gt;0.001&lt;/ZTolerance&gt;&lt;MTolerance&gt;0.001&lt;/MTolerance&gt;&lt;HighPrecision&gt;true&lt;/HighPrecision&gt;&lt;WKID&gt;3395&lt;/WKID&gt;&lt;LatestWKID&gt;3395&lt;/LatestWKID&gt;&lt;/ProjectedCoordinateSystem&gt;</peXml><projcsn Sync="TRUE">WGS_1984_World_Mercator</projcsn></coordRef><LayerFile>{"type":"CIMLayerDocument","version":"3.0.0","build":36056,"layers":["CIMPATH=map/tess19_lmi.json"],"layerDefinitions":[{"type":"CIMFeatureLayer","name":"tess19_LMI","uRI":"CIMPATH=map/tess19_lmi.json","sourceModifiedTime":{"type":"TimeInstant"},"useSourceMetadata":true,"description":"tess19_LMI","layerElevation":{"type":"CIMLayerElevationSurface","elevationSurfaceLayerURI":"CIMPATH=Map/8560774bdb594cb79eeb22ed5ac4c028.json"},"expanded":true,"layerType":"Operational","showLegends":true,"visibility":true,"displayCacheType":"Permanent","maxDisplayCacheAge":5,"showPopups":true,"serviceLayerID":-1,"charts":[{"type":"CIMChart","name":"Histogram of Cluster Outlier Analysis Variable","series":[{"type":"CIMChartHistogramSeries","name":"Series0","uniqueName":"Series0","fields":["tess_AddSpatialJoin_4_Join_Count"],"verticalAxis":1,"colorType":"SingleColor","visible":true,"binCount":12,"showMean":true,"showMedian":true,"showStandardDeviation":true,"fillSymbolProperties":{"type":"CIMChartFillSymbolProperties","color":{"type":"CIMRGBColor","values":[166,206,227,70]}},"meanLineSymbolProperties":{"type":"CIMChartLineSymbolProperties","visible":true,"width":2,"style":"Solid","color":{"type":"CIMRGBColor","values":[0,92,230,100]}},"medianLineSymbolProperties":{"type":"CIMChartLineSymbolProperties","visible":true,"width":2,"style":"Solid","color":{"type":"CIMRGBColor","values":[132,0,168,100]}},"standardDeviationLineSymbolProperties":{"type":"CIMChartLineSymbolProperties","visible":true,"width":2,"style":"Solid","color":{"type":"CIMRGBColor","values":[156,156,156,100]}},"dataTransformationType":"None","distributionLineSymbolProperties":{"type":"CIMChartLineSymbolProperties","visible":true,"width":2,"style":"Solid","color":{"type":"CIMRGBColor","values":[104,104,104,100]}}}],"generalProperties":{"type":"CIMChartGeneralProperties","title":"Histogram of tess_AddSpatialJoin_4_Join_Count","showTitle":true,"useAutomaticTitle":false,"showSubTitle":true,"showFooter":true,"titleText":{"type":"CIMChartTextProperties","fontFillColor":{"type":"CIMRGBColor","values":[68,68,68,100]},"fontFamilyName":"Segoe UI","fontSize":16,"fontWeight":"Normal","textCase":"Normal"},"subTitleText":{"type":"CIMChartTextProperties","fontFillColor":{"type":"CIMRGBColor","values":[68,68,68,100]},"fontFamilyName":"Segoe UI","fontSize":12,"fontWeight":"Normal","textCase":"Normal"},"footerText":{"type":"CIMChartTextProperties","fontFillColor":{"type":"CIMRGBColor","values":[68,68,68,100]},"fontFamilyName":"Segoe UI","fontSize":12,"fontWeight":"Normal","textCase":"Normal"},"backgroundSymbolProperties":{"type":"CIMChartFillSymbolProperties","color":{"type":"CIMRGBColor","values":[255,255,255,100]}},"gridLineSymbolProperties":{"type":"CIMChartLineSymbolProperties","visible":true,"width":1,"style":"Solid","color":{"type":"CIMRGBColor","values":[225,225,225,100]}}},"legend":{"type":"CIMChartLegend","visible":true,"showTitle":true,"alignment":"Right","legendText":{"type":"CIMChartTextProperties","fontFillColor":{"type":"CIMRGBColor","values":[68,68,68,100]},"fontFamilyName":"Segoe UI","fontSize":10,"fontWeight":"Normal","textCase":"Normal"},"legendTitle":{"type":"CIMChartTextProperties","fontFillColor":{"type":"CIMRGBColor","values":[68,68,68,100]},"fontFamilyName":"Segoe UI","fontSize":10.8000000000000007,"fontWeight":"Normal","textCase":"Normal"}},"axes":[{"type":"CIMChartAxis","visible":true,"showTitle":true,"useAutomaticTitle":true,"valueFormat":"N2","dateTimeFormat":"M/d/yyyy","calculateAutomaticMinimum":true,"calculateAutomaticMaximum":true,"minimum":null,"maximum":null,"titleText":{"type":"CIMChartTextProperties","fontFillColor":{"type":"CIMRGBColor","values":[68,68,68,100]},"fontFamilyName":"Segoe UI","fontSize":12,"fontWeight":"Normal","textCase":"Normal"},"labelText":{"type":"CIMChartTextProperties","fontFillColor":{"type":"CIMRGBColor","values":[68,68,68,100]},"fontFamilyName":"Segoe UI","fontSize":10,"fontWeight":"Normal","textCase":"Normal"},"labelCharacterLimit":11,"zoomEndPosition":1},{"type":"CIMChartAxis","visible":true,"showTitle":true,"useAutomaticTitle":true,"valueFormat":"N2","dateTimeFormat":"M/d/yyyy","calculateAutomaticMinimum":true,"calculateAutomaticMaximum":true,"minimum":null,"maximum":null,"titleText":{"type":"CIMChartTextProperties","fontFillColor":{"type":"CIMRGBColor","values":[68,68,68,100]},"fontFamilyName":"Segoe UI","fontSize":12,"fontWeight":"Normal","textCase":"Normal"},"labelText":{"type":"CIMChartTextProperties","fontFillColor":{"type":"CIMRGBColor","values":[68,68,68,100]},"fontFamilyName":"Segoe UI","fontSize":10,"fontWeight":"Normal","textCase":"Normal"},"labelCharacterLimit":11,"zoomEndPosition":1}],"mapSelectionHandling":"Highlight"},{"type":"CIMChart","name":"Moran's Scatterplot","series":[{"type":"CIMChartScatterSeries","name":"ZTransform IDW^2 22002 RS &amp; SpatialLag IDW^2 22002 RS","uniqueName":"Series0","fields":["ZTransform","SpatialLag"],"verticalAxis":1,"colorType":"ColorMatch","visible":true,"markerSymbolProperties":{"type":"CIMChartMarkerSymbolProperties","visible":true,"width":7,"height":7,"style":"Circle","color":{"type":"CIMRGBColor","values":[166,206,227,70]}},"showTrendLine":true,"trendLineSymbolProperties":{"type":"CIMChartLineSymbolProperties","visible":true,"width":2,"style":"Solid","color":{"type":"CIMRGBColor","values":[104,104,104,100]}},"trendLineFitType":"ChartTrendLineFitType_Linear","bubbleMinimumSize":5,"bubbleMaximumSize":30}],"generalProperties":{"type":"CIMChartGeneralProperties","title":"Moran's Scatterplot","showTitle":true,"useAutomaticTitle":false,"showSubTitle":true,"showFooter":true,"titleText":{"type":"CIMChartTextProperties","fontFillColor":{"type":"CIMRGBColor","values":[68,68,68,100]},"fontFamilyName":"Segoe UI","fontSize":16,"fontWeight":"Normal","textCase":"Normal"},"subTitleText":{"type":"CIMChartTextProperties","fontFillColor":{"type":"CIMRGBColor","values":[68,68,68,100]},"fontFamilyName":"Segoe UI","fontSize":12,"fontWeight":"Normal","textCase":"Normal"},"footerText":{"type":"CIMChartTextProperties","fontFillColor":{"type":"CIMRGBColor","values":[68,68,68,100]},"fontFamilyName":"Segoe UI","fontSize":12,"fontWeight":"Normal","textCase":"Normal"},"backgroundSymbolProperties":{"type":"CIMChartFillSymbolProperties","color":{"type":"CIMRGBColor","values":[255,255,255,100]}},"gridLineSymbolProperties":{"type":"CIMChartLineSymbolProperties","visible":true,"width":1,"style":"Solid","color":{"type":"CIMRGBColor","values":[119,119,119,0]}}},"legend":{"type":"CIMChartLegend","visible":true,"showTitle":true,"alignment":"Right","legendText":{"type":"CIMChartTextProperties","fontFillColor":{"type":"CIMRGBColor","values":[68,68,68,100]},"fontFamilyName":"Segoe UI","fontSize":10,"fontWeight":"Normal","textCase":"Normal"},"legendTitle":{"type":"CIMChartTextProperties","fontFillColor":{"type":"CIMRGBColor","values":[68,68,68,100]},"fontFamilyName":"Segoe UI","fontSize":10.8000000000000007,"fontWeight":"Normal","textCase":"Normal"}},"axes":[{"type":"CIMChartAxis","visible":true,"title":"tess_AddSpatialJoin_4_Join_Count (z-Transformed)","showTitle":true,"useAutomaticTitle":false,"valueFormat":"N2","dateTimeFormat":"M/d/yyyy","calculateAutomaticMinimum":false,"calculateAutomaticMaximum":false,"minimum":-7.5,"maximum":7.5,"titleText":{"type":"CIMChartTextProperties","fontFillColor":{"type":"CIMRGBColor","values":[68,68,68,100]},"fontFamilyName":"Segoe UI","fontSize":12,"fontWeight":"Normal","textCase":"Normal"},"labelText":{"type":"CIMChartTextProperties","fontFillColor":{"type":"CIMRGBColor","values":[68,68,68,100]},"fontFamilyName":"Segoe UI","fontSize":10,"fontWeight":"Normal","textCase":"Normal"},"guides":[{"type":"CIMChartGuide","name":"x","labelPosition":"ChartPosition_Top","visible":true,"guideType":"ChartGuideType_Line","guideValueType":"ChartValueType_Numeric","fillSymbolProperties":{"type":"CIMChartFillSymbolProperties","lineSymbolProperties":{"type":"CIMChartLineSymbolProperties","visible":true,"width":1,"style":"Solid","color":{"type":"CIMRGBColor","values":[110,110,110,100]}}}}],"labelCharacterLimit":11,"zoomEndPosition":1},{"type":"CIMChartAxis","visible":true,"title":"Spatial Lag","showTitle":true,"useAutomaticTitle":false,"valueFormat":"N2","dateTimeFormat":"M/d/yyyy","calculateAutomaticMinimum":false,"calculateAutomaticMaximum":false,"minimum":-7.5,"maximum":7.5,"titleText":{"type":"CIMChartTextProperties","fontFillColor":{"type":"CIMRGBColor","values":[68,68,68,100]},"fontFamilyName":"Segoe UI","fontSize":12,"fontWeight":"Normal","textCase":"Normal"},"labelText":{"type":"CIMChartTextProperties","fontFillColor":{"type":"CIMRGBColor","values":[68,68,68,100]},"fontFamilyName":"Segoe UI","fontSize":10,"fontWeight":"Normal","textCase":"Normal"},"guides":[{"type":"CIMChartGuide","name":"y","labelPosition":"ChartPosition_Top","visible":true,"guideType":"ChartGuideType_Line","guideValueType":"ChartValueType_Numeric","fillSymbolProperties":{"type":"CIMChartFillSymbolProperties","lineSymbolProperties":{"type":"CIMChartLineSymbolProperties","visible":true,"width":1,"style":"Solid","color":{"type":"CIMRGBColor","values":[110,110,110,100]}}}}],"labelCharacterLimit":11,"zoomEndPosition":1}],"mapSelectionHandling":"Highlight"}],"refreshRate":-1,"refreshRateUnit":"esriTimeUnitsSeconds","blendingMode":"Alpha","allowDrapingOnIntegratedMesh":true,"autoGenerateFeatureTemplates":true,"featureTable":{"type":"CIMFeatureTable","displayField":"SOURCE_ID","editable":true,"dataConnection":{"type":"CIMStandardDataConnection","workspaceConnectionString":"DATABASE=\\\\ponderosa\\geostudent\\aa_TR_RS\\!ZAF\\!ZAF_Live_SA\\!ZAF_Live_SA.gdb","workspaceFactory":"FileGDB","dataset":"tess19_LMI","datasetType":"esriDTFeatureClass"},"studyAreaSpatialRel":"esriSpatialRelUndefined","searchOrder":"esriSearchOrderSpatial"},"selectable":true,"featureCacheType":"Session","displayFiltersType":"ByScale","featureBlendingMode":"Alpha","labelClasses":[{"type":"CIMLabelClass","expression":"$feature.SOURCE_ID","expressionEngine":"Arcade","featuresToLabel":"AllVisibleFeatures","maplexLabelPlacementProperties":{"type":"CIMMaplexLabelPlacementProperties","featureType":"Polygon","avoidPolygonHoles":true,"canOverrunFeature":true,"canPlaceLabelOutsidePolygon":true,"canRemoveOverlappingLabel":true,"canStackLabel":true,"connectionType":"Unambiguous","constrainOffset":"NoConstraint","contourAlignmentType":"Page","contourLadderType":"Straight","contourMaximumAngle":90,"enableConnection":true,"featureWeight":0,"fontHeightReductionLimit":4,"fontHeightReductionStep":0.5,"fontWidthReductionLimit":90,"fontWidthReductionStep":5,"graticuleAlignmentType":"Straight","keyNumberGroupName":"Default","labelBuffer":15,"labelLargestPolygon":false,"labelPriority":-1,"labelStackingProperties":{"type":"CIMMaplexLabelStackingProperties","stackAlignment":"ChooseBest","maximumNumberOfLines":3,"minimumNumberOfCharsPerLine":3,"maximumNumberOfCharsPerLine":24,"separators":[{"type":"CIMMaplexStackingSeparator","separator":" ","splitAfter":true},{"type":"CIMMaplexStackingSeparator","separator":",","visible":true,"splitAfter":true}],"trimStackingSeparators":true},"lineFeatureType":"General","linePlacementMethod":"OffsetCurvedFromLine","maximumLabelOverrun":80,"maximumLabelOverrunUnit":"Point","minimumFeatureSizeUnit":"Map","multiPartOption":"OneLabelPerPart","offsetAlongLineProperties":{"type":"CIMMaplexOffsetAlongLineProperties","placementMethod":"BestPositionAlongLine","labelAnchorPoint":"CenterOfLabel","distanceUnit":"Percentage","useLineDirection":true},"pointExternalZonePriorities":{"type":"CIMMaplexExternalZonePriorities","aboveLeft":4,"aboveCenter":2,"aboveRight":1,"centerRight":3,"belowRight":5,"belowCenter":7,"belowLeft":8,"centerLeft":6},"pointPlacementMethod":"AroundPoint","polygonAnchorPointType":"GeometricCenter","polygonBoundaryWeight":0,"polygonExternalZones":{"type":"CIMMaplexExternalZonePriorities","aboveLeft":4,"aboveCenter":2,"aboveRight":1,"centerRight":3,"belowRight":5,"belowCenter":7,"belowLeft":8,"centerLeft":6},"polygonFeatureType":"General","polygonInternalZones":{"type":"CIMMaplexInternalZonePriorities","center":1},"polygonPlacementMethod":"HorizontalInPolygon","primaryOffset":1,"primaryOffsetUnit":"Point","removeExtraWhiteSpace":true,"repetitionIntervalUnit":"Map","rotationProperties":{"type":"CIMMaplexRotationProperties","rotationType":"Arithmetic","alignmentType":"Straight"},"secondaryOffset":100,"strategyPriorities":{"type":"CIMMaplexStrategyPriorities","stacking":1,"overrun":2,"fontCompression":3,"fontReduction":4,"abbreviation":5},"thinningDistanceUnit":"Point","truncationMarkerCharacter":".","truncationMinimumLength":1,"truncationPreferredCharacters":"aeiou","polygonAnchorPointPerimeterInsetUnit":"Point"},"name":"Class 1","priority":-1,"standardLabelPlacementProperties":{"type":"CIMStandardLabelPlacementProperties","featureType":"Line","featureWeight":"Low","labelWeight":"High","numLabelsOption":"OneLabelPerName","lineLabelPosition":{"type":"CIMStandardLineLabelPosition","above":true,"inLine":true,"parallel":true},"lineLabelPriorities":{"type":"CIMStandardLineLabelPriorities","aboveStart":3,"aboveAlong":3,"aboveEnd":3,"centerStart":3,"centerAlong":3,"centerEnd":3,"belowStart":3,"belowAlong":3,"belowEnd":3},"pointPlacementMethod":"AroundPoint","pointPlacementPriorities":{"type":"CIMStandardPointPlacementPriorities","aboveLeft":2,"aboveCenter":2,"aboveRight":1,"centerLeft":3,"centerRight":2,"belowLeft":3,"belowCenter":3,"belowRight":2},"rotationType":"Arithmetic","polygonPlacementMethod":"AlwaysHorizontal"},"textSymbol":{"type":"CIMSymbolReference","symbol":{"type":"CIMTextSymbol","blockProgression":"TTB","depth3D":1,"extrapolateBaselines":true,"fontEffects":"Normal","fontEncoding":"Unicode","fontFamilyName":"Tahoma","fontStyleName":"Regular","fontType":"Unspecified","haloSize":1,"height":10,"hinting":"Default","horizontalAlignment":"Left","kerning":true,"letterWidth":100,"ligatures":true,"lineGapType":"ExtraLeading","symbol":{"type":"CIMPolygonSymbol","symbolLayers":[{"type":"CIMSolidFill","enable":true,"color":{"type":"CIMRGBColor","values":[0,0,0,100]}}]},"textCase":"Normal","textDirection":"LTR","verticalAlignment":"Bottom","verticalGlyphOrientation":"Right","wordSpacing":100,"billboardMode3D":"FaceNearPlane"}},"useCodedValue":true,"visibility":true,"iD":-1}],"renderer":{"type":"CIMUniqueValueRenderer","colorRamp":{"type":"CIMRandomHSVColorRamp","colorSpace":{"type":"CIMICCColorSpace","url":"Default RGB"},"maxH":360,"minS":15,"maxS":30,"minV":99,"maxV":100,"minAlpha":100,"maxAlpha":100},"defaultLabel":"Not significant","defaultSymbol":{"type":"CIMSymbolReference","symbol":{"type":"CIMPolygonSymbol","symbolLayers":[{"type":"CIMSolidStroke","enable":true,"capStyle":"Round","joinStyle":"Round","lineStyle3D":"Strip","miterLimit":10,"width":0.375,"color":{"type":"CIMRGBColor","values":[178,178,178,100]}},{"type":"CIMSolidFill","enable":true,"color":{"type":"CIMHSVColor","values":[60,2,97,100]}}]},"symbolName":"Symbol_81"},"defaultSymbolPatch":"Default","fields":["COType"],"groups":[{"type":"CIMUniqueValueGroup","classes":[{"type":"CIMUniqueValueClass","label":"High-High cluster","patch":"Default","symbol":{"type":"CIMSymbolReference","symbol":{"type":"CIMPolygonSymbol","symbolLayers":[{"type":"CIMSolidStroke","enable":true,"capStyle":"Round","joinStyle":"Round","lineStyle3D":"Strip","miterLimit":10,"width":0.375,"color":{"type":"CIMRGBColor","values":[178,178,178,100]}},{"type":"CIMSolidFill","enable":true,"color":{"type":"CIMHSVColor","values":[6,26,94,100]}}]},"symbolName":"Symbol_77"},"values":[{"type":"CIMUniqueValue","fieldValues":["HH"]}],"visible":true},{"type":"CIMUniqueValueClass","label":"High-Low outlier","patch":"Default","symbol":{"type":"CIMSymbolReference","symbol":{"type":"CIMPolygonSymbol","symbolLayers":[{"type":"CIMSolidStroke","enable":true,"capStyle":"Round","joinStyle":"Round","lineStyle3D":"Strip","miterLimit":10,"width":0.375,"color":{"type":"CIMRGBColor","values":[178,178,178,100]}},{"type":"CIMSolidFill","enable":true,"color":{"type":"CIMHSVColor","values":[0,88,88,100]}}]},"symbolName":"Symbol_78"},"values":[{"type":"CIMUniqueValue","fieldValues":["HL"]}],"visible":true},{"type":"CIMUniqueValueClass","label":"Low-High outlier","patch":"Default","symbol":{"type":"CIMSymbolReference","symbol":{"type":"CIMPolygonSymbol","symbolLayers":[{"type":"CIMSolidStroke","enable":true,"capStyle":"Round","joinStyle":"Round","lineStyle3D":"Strip","miterLimit":10,"width":0.375,"color":{"type":"CIMRGBColor","values":[178,178,178,100]}},{"type":"CIMSolidFill","enable":true,"color":{"type":"CIMHSVColor","values":[223,88,88,100]}}]},"symbolName":"Symbol_79"},"values":[{"type":"CIMUniqueValue","fieldValues":["LH"]}],"visible":true},{"type":"CIMUniqueValueClass","label":"Low-Low cluster","patch":"Default","symbol":{"type":"CIMSymbolReference","symbol":{"type":"CIMPolygonSymbol","symbolLayers":[{"type":"CIMSolidStroke","enable":true,"capStyle":"Round","joinStyle":"Round","lineStyle3D":"Strip","miterLimit":10,"width":0.375,"color":{"type":"CIMRGBColor","values":[178,178,178,100]}},{"type":"CIMSolidFill","enable":true,"color":{"type":"CIMHSVColor","values":[198,21,91,100]}}]},"symbolName":"Symbol_80"},"values":[{"type":"CIMUniqueValue","fieldValues":["LL"]}],"visible":true}]}],"useDefaultSymbol":true,"polygonSymbolColorTarget":"Fill"},"scaleSymbols":true,"snappable":true}]}</LayerFile></DataProperties><SyncDate>20221013</SyncDate><SyncTime>19563200</SyncTime><ModDate>20221013</ModDate><ModTime>19563200</ModTime></Esri><dataIdInfo><envirDesc Sync="TRUE">Microsoft Windows Server 2016 Technical Preview Version 10.0 (Build 14393) ; Esri ArcGIS 13.0.0.36056</envirDesc><dataLang><languageCode value="eng" Sync="TRUE"></languageCode><countryCode value="USA" Sync="TRUE"></countryCode></dataLang><idCitation><resTitle Sync="TRUE">tessAll</resTitle><presForm><PresFormCd value="005" Sync="TRUE"></PresFormCd></presForm></idCitation><spatRpType><SpatRepTypCd value="001" Sync="TRUE"></SpatRepTypCd></spatRpType></dataIdInfo><mdLang><languageCode value="eng" Sync="TRUE"></languageCode><countryCode value="USA" Sync="TRUE"></countryCode></mdLang><distInfo><distFormat><formatName Sync="TRUE">Shapefile</formatName></distFormat><distTranOps><transSize Sync="TRUE">0.000</transSize></distTranOps></distInfo><mdHrLv><ScopeCd value="005" Sync="TRUE"></ScopeCd></mdHrLv><mdHrLvName Sync="TRUE">dataset</mdHrLvName><refSysInfo><RefSystem><refSysID><identCode code="3395" Sync="TRUE"></identCode><idCodeSpace Sync="TRUE">EPSG</idCodeSpace><idVersion Sync="TRUE">9.8.8(9.3.0.0)</idVersion></refSysID></RefSystem></refSysInfo><spatRepInfo><VectSpatRep><geometObjs Name="tessAll"><geoObjTyp><GeoObjTypCd value="002" Sync="TRUE"></GeoObjTypCd></geoObjTyp><geoObjCnt Sync="TRUE">0</geoObjCnt></geometObjs><topLvl><TopoLevCd value="001" Sync="TRUE"></TopoLevCd></topLvl></VectSpatRep></spatRepInfo><spdoinfo><ptvctinf><esriterm Name="tessAll"><efeatyp Sync="TRUE">Simple</efeatyp><efeageom code="4" Sync="TRUE"></efeageom><esritopo Sync="TRUE">FALSE</esritopo><efeacnt Sync="TRUE">0</efeacnt><spindex Sync="TRUE">FALSE</spindex><linrefer Sync="TRUE">FALSE</linrefer></esriterm></ptvctinf></spdoinfo><eainfo><detailed Name="tessAll"><enttyp><enttypl Sync="TRUE">tessAll</enttypl><enttypt Sync="TRUE">Feature Class</enttypt><enttypc Sync="TRUE">0</enttypc></enttyp><attr><attrlabl Sync="TRUE">FID</attrlabl><attalias Sync="TRUE">FID</attalias><attrtype Sync="TRUE">OID</attrtype><attwidth Sync="TRUE">4</attwidth><atprecis Sync="TRUE">0</atprecis><attscale Sync="TRUE">0</attscale><attrdef Sync="TRUE">Internal feature number.</attrdef><attrdefs Sync="TRUE">Esri</attrdefs><attrdomv><udom Sync="TRUE">Sequential unique whole numbers that are automatically generated.</udom></attrdomv></attr><attr><attrlabl Sync="TRUE">Shape</attrlabl><attalias Sync="TRUE">Shape</attalias><attrtype Sync="TRUE">Geometry</attrtype><attwidth Sync="TRUE">0</attwidth><atprecis Sync="TRUE">0</atprecis><attscale Sync="TRUE">0</attscale><attrdef Sync="TRUE">Feature geometry.</attrdef><attrdefs Sync="TRUE">Esri</attrdefs><attrdomv><udom Sync="TRUE">Coordinates defining the features.</udom></attrdomv></attr><attr><attrlabl Sync="TRUE">SOURCE_ID</attrlabl><attalias Sync="TRUE">SOURCE_ID</attalias><attrtype Sync="TRUE">Integer</attrtype><attwidth Sync="TRUE">10</attwidth><atprecis Sync="TRUE">10</atprecis><attscale Sync="TRUE">0</attscale></attr><attr><attrlabl Sync="TRUE">tess_AddSp</attrlabl><attalias Sync="TRUE">tess_AddSp</attalias><attrtype Sync="TRUE">Integer</attrtype><attwidth Sync="TRUE">10</attwidth><atprecis Sync="TRUE">10</atprecis><attscale Sync="TRUE">0</attscale></attr><attr><attrlabl Sync="TRUE">LMiIndex</attrlabl><attalias Sync="TRUE">LMiIndex</attalias><attrtype Sync="TRUE">Double</attrtype><attwidth Sync="TRUE">19</attwidth><atprecis Sync="TRUE">0</atprecis><attscale Sync="TRUE">0</attscale></attr><attr><attrlabl Sync="TRUE">LMiZScore</attrlabl><attalias Sync="TRUE">LMiZScore</attalias><attrtype Sync="TRUE">Double</attrtype><attwidth Sync="TRUE">19</attwidth><atprecis Sync="TRUE">0</atprecis><attscale Sync="TRUE">0</attscale></attr><attr><attrlabl Sync="TRUE">LMiPValue</attrlabl><attalias Sync="TRUE">LMiPValue</attalias><attrtype Sync="TRUE">Double</attrtype><attwidth Sync="TRUE">19</attwidth><atprecis Sync="TRUE">0</atprecis><attscale Sync="TRUE">0</attscale></attr><attr><attrlabl Sync="TRUE">COType</attrlabl><attalias Sync="TRUE">COType</attalias><attrtype Sync="TRUE">String</attrtype><attwidth Sync="TRUE">2</attwidth><atprecis Sync="TRUE">0</atprecis><attscale Sync="TRUE">0</attscale></attr><attr><attrlabl Sync="TRUE">NNeighbors</attrlabl><attalias Sync="TRUE">NNeighbors</attalias><attrtype Sync="TRUE">Integer</attrtype><attwidth Sync="TRUE">10</attwidth><atprecis Sync="TRUE">10</atprecis><attscale Sync="TRUE">0</attscale></attr><attr><attrlabl Sync="TRUE">ZTransform</attrlabl><attalias Sync="TRUE">ZTransform</attalias><attrtype Sync="TRUE">Double</attrtype><attwidth Sync="TRUE">19</attwidth><atprecis Sync="TRUE">0</atprecis><attscale Sync="TRUE">0</attscale></attr><attr><attrlabl Sync="TRUE">SpatialLag</attrlabl><attalias Sync="TRUE">SpatialLag</attalias><attrtype Sync="TRUE">Double</attrtype><attwidth Sync="TRUE">19</attwidth><atprecis Sync="TRUE">0</atprecis><attscale Sync="TRUE">0</attscale></attr><attr><attrlabl Sync="TRUE">Shape_Leng</attrlabl><attalias Sync="TRUE">Shape_Leng</attalias><attrtype Sync="TRUE">Double</attrtype><attwidth Sync="TRUE">19</attwidth><atprecis Sync="TRUE">0</atprecis><attscale Sync="TRUE">0</attscale></attr><attr><attrlabl Sync="TRUE">Shape_Area</attrlabl><attalias Sync="TRUE">Shape_Area</attalias><attrtype Sync="TRUE">Double</attrtype><attwidth Sync="TRUE">19</attwidth><atprecis Sync="TRUE">0</atprecis><attscale Sync="TRUE">0</attscale><attrdef Sync="TRUE">Area of feature in internal units squared.</attrdef><attrdefs Sync="TRUE">Esri</attrdefs><attrdomv><udom Sync="TRUE">Positive real numbers that are automatically generated.</udom></attrdomv></attr></detailed></eainfo><mdDateSt Sync="TRUE">20221013</mdDateSt></metadata>
